"id","answer","context"
"1","Si tienes obesidad y presión alta, deberías evitar el consumo de carne roja, carne procesada y dulces, según el enfoque dietético DASH.","[Fuente: 08_Terapia-de-nutricion-medica-de-la-obesidad.pdf]
2. En personas que viven con sobrepeso u obesidad, la Coalición Chilena para el Estudio de la Obesidad sugiere el uso de dieta vegetariana,  como  intervención  no  farmacológica  para  el control glucémico y manejo de la presión arterial   (Ver aquí el resumen de la metodología).

Certeza de la evidencia: Baja Fuerza de la recomendación: Condicional

---

[Fuente: 17_Productos-y-programas-comerciales-para-el-control-de-la-obesidad.pdf]
## RECOMENDACIONES ADOPTADAS

<!-- image -->

1. No  recomendamos  el  uso  de  productos  comerciales  de venta libre para el control de la obesidad debido a la falta de evidencia (Nivel 4, Grado D). 1
2. No  sugerimos  que  se  utilicen  programas  comerciales  de pérdida de peso para mejorar el control de la presión arterial y los lípidos en adultos con obesidad (Nivel 4, Grado D). 2

## INTRODUCCIÓN

«Un estudio exhaustivo de los fraudes y modas médicas realizado a lo largo de casi veinte años me ha convencido de que en todo el ámbito de la charlatanería no hay un campo que se trabaje con más facilidad  ni  que  ofrezca  mayores  beneficios  económicos  al estafador médico que el dedicado a la explotación de las 'curas de la obesidad» (Arthur J Cramp, MD, 1929). 6

---

[Fuente: articulo.pdf]
## RECOMENDACIONES ADOPTADAS

<!-- image -->

1. No  recomendamos  el  uso  de  productos  comerciales  de venta libre para el control de la obesidad debido a la falta de evidencia (Nivel 4, Grado D). 1
2. No  sugerimos  que  se  utilicen  programas  comerciales  de pérdida de peso para mejorar el control de la presión arterial y los lípidos en adultos con obesidad (Nivel 4, Grado D). 2

## INTRODUCCIÓN

«Un estudio exhaustivo de los fraudes y modas médicas realizado a lo largo de casi veinte años me ha convencido de que en todo el ámbito de la charlatanería no hay un campo que se trabaje con más facilidad  ni  que  ofrezca  mayores  beneficios  económicos  al estafador médico que el dedicado a la explotación de las 'curas de la obesidad» (Arthur J Cramp, MD, 1929). 6

---

[Fuente: 08_Terapia-de-nutricion-medica-de-la-obesidad.pdf]
- Bajo  índice  glicémico: Un  patrón  dietético  que  propone cambiar los  alimentos  de  alto  índice  glicémico  por  alimentos de bajo índice glicémico (frutas de temporada, legumbres, pan integral, pasta, leche, yogur, etc.). 22,24-28,127-129
- Enfoques dietéticos para detener la hipertensión (DASH): Un patrón dietético  que  propone  un  alto  consumo  de  fruta, lácteos  bajos  en  grasa,  verduras,  cereales,  frutos  secos  y legumbres, y un bajo consumo de carne roja, carne procesada y dulces. 30,31

---

[Fuente: 06_Evaluacion-del-paciente-que-vive-con-obesidad.pdf]
| Metabolismo             | Hipertensión arterial                                                                                                                                            | + +                | Asegurarse de que el tamaño del esfigmomanómetro sea el adecuado (anchura del brazalete del 40% de la circunferencia del brazo, longitud del 80- 100% de la circunferencia del brazo). 54 | Dieta DASH, considerar las causas secundar- ias (por ejemplo, apnea del sueño, dolor). Priorizar los medicamentos que afectan al sistema renina-angiotensina, evitar los betabloqueantes como primera medida.                                                                         |"
"2","El contexto proporcionado no menciona específicamente si es recomendable o no saltarse el desayuno para bajar de peso. Por lo tanto, no puedo proporcionar una respuesta a esa pregunta.","[Fuente: 17_Productos-y-programas-comerciales-para-el-control-de-la-obesidad.pdf]
La gente debería desconfiar de los programas de pérdida de peso que:

-  Prometen la pérdida de peso sin dieta ni ejercicio;
-  Promete perder peso comiendo todo lo que quiera;
-  Prometen una reducción puntual del peso de determinados lugares;
-  Prometer una pérdida demasiado rápida (por ejemplo, perder 13 kilos en 30 días);
-  Incluye fotos del antes y el después y testimonios personales que parezcan demasiado buenos para ser verdad.

## PRODUCTOS COMERCIALES

---

[Fuente: articulo.pdf]
La gente debería desconfiar de los programas de pérdida de peso que:

-  Prometen la pérdida de peso sin dieta ni ejercicio;
-  Promete perder peso comiendo todo lo que quiera;
-  Prometen una reducción puntual del peso de determinados lugares;
-  Prometer una pérdida demasiado rápida (por ejemplo, perder 13 kilos en 30 días);
-  Incluye fotos del antes y el después y testimonios personales que parezcan demasiado buenos para ser verdad.

## PRODUCTOS COMERCIALES

---

[Fuente: 08_Terapia-de-nutricion-medica-de-la-obesidad.pdf]
Aunque  el  TMN  que  consigue  un  déficit  calórico  puede  dar lugar a una pérdida de peso a corto plazo (de seis a 12 meses), el cambio de peso no suele mantenerse en el tiempo. Además, la recomendación común de que un déficit calórico de 500 kcal/día o 3500 kcal/semana produciría una pérdida de peso de 0,45 kg no es válida, ya que la pérdida de peso no es lineal. 73,74 Polidori et al. cuantificaron por primera vez la cantidad de ingesta calórica compensada por los cambios de pérdida de peso en seres humanos de vida libre y estimaron que el apetito aumentaba en ~100 kcal/día por cada kilogramo de peso perdido, lo que contribuía al aumento de peso con el tiempo. 75  La restricción calórica puede, en algunas personas, conducir a impulsos fisiopatológicos que promueven el aumento de peso a través del aumento del hambre, el apetito y la disminución de la saciedad. 66 Además, las restricciones calóricas pueden tener consecuencias negativas para la salud del esqueleto

---

[Fuente: 08_Terapia-de-nutricion-medica-de-la-obesidad.pdf]
Los  sustitutos  parciales  de  las  comidas  se  utilizan  para  sustituir una o dos comidas al día como parte de una intervención con restricción  calórica.  Estas  intervenciones  con  restricción  calórica han demostrado reducir el peso corporal, la circunferencia de la cintura, la presión arterial y el control glicémico en comparación con las dietas convencionales de pérdida de peso con restricción calórica.  Esto  se  evidenció  en  una  revisión  sistemática  y  un metaanálisis de nueve ensayos de control aleatorio en personas con un IMC ≥ 25 kg/m 2  y diabetes tipo 2 durante una mediana de  seguimiento  de  seis  meses. 37 Otra  revisión  sistemática  y  un metaanálisis de 23 ensayos de control aleatorio informaron que los  programas  que  incluyen  sustituciones  parciales  de  comidas lograron una mayor pérdida de peso al año, en comparación con los programas de pérdida de peso sin uso de sustituciones parciales de comidas, con o sin apoyo de cambio de comportamiento

---

[Fuente: articulo.pdf]
mantenimiento del peso a largo plazo; un buen perfil de seguridad; y costos razonables.

-  Las  personas  con  sobrepeso  u  obesidad  deben  desconfiar de  los  programas  de  adelgazamiento  que:  i)  prometen  la pérdida de peso sin dieta ni ejercicio; ii) prometen la pérdida de peso comiendo todo lo que se quiera; iii) prometen la reducción  de  peso  en  lugares  concretos  del  cuerpo; iv)  prometen una pérdida demasiado rápida (por ejemplo, perder 13 kilos en 30 días); o v) incluyen fotos del antes y el después, y testimonios personales que parecen demasiado buenos para ser verdad.

## MENSAJES CLAVE PARA LAS PERSONAS CON OBESIDAD continuación

-  Existen muchos productos naturales para la pérdida de peso sin receta médica, pero ninguno de ellos ha demostrado proporcionar una pérdida de peso clínicamente significativa en estudios científicos de alta calidad.

## RECOMENDACIONES ADOPTADAS

<!-- image -->"
"3","Es saludable perder entre 0,5 y 1,0 kg por semana durante un tratamiento para la obesidad.","[Fuente: 17_Productos-y-programas-comerciales-para-el-control-de-la-obesidad.pdf]
## MENSAJES CLAVE PARA PERSONAS QUE VIVEN CON OBESIDAD

<!-- image -->

-  La industria comercial de la pérdida de peso es floreciente y  se  caracteriza  a  menudo  por  una  publicidad  poco realista. Antes de adherirse a un programa o de utilizar un producto comercial para la pérdida de peso, las personas con  obesidad  deben  asegurarse  de  que  el  enfoque  es seguro y potencialmente eficaz. Esto significa que tenga una  combinación  de  nutrición,  actividad  física  y  apoyo al cambio  de  comportamiento;  objetivos  realistas de pérdida de peso de 0,5-1,0 kg por semana; un enfoque de

## Cómo citar este documento

---

[Fuente: articulo.pdf]
## MENSAJES CLAVE PARA PERSONAS QUE VIVEN CON OBESIDAD

<!-- image -->

-  La industria comercial de la pérdida de peso es floreciente y  se  caracteriza  a  menudo  por  una  publicidad  poco realista. Antes de adherirse a un programa o de utilizar un producto comercial para la pérdida de peso, las personas con  obesidad  deben  asegurarse  de  que  el  enfoque  es seguro y potencialmente eficaz. Esto significa que tenga una  combinación  de  nutrición,  actividad  física  y  apoyo al cambio  de  comportamiento;  objetivos  realistas de pérdida de peso de 0,5-1,0 kg por semana; un enfoque de

## Cómo citar este documento

---

[Fuente: 17_Productos-y-programas-comerciales-para-el-control-de-la-obesidad.pdf]
## MENSAJES CLAVE PARA EL PERSONAL DE SALUD

<!-- image -->

- La industria comercial para la pérdida de peso es enorme. Los médicos deben familiarizarse con las ofertas comerciales para el manejo de la obesidad que existen en su entorno. Se han publicado criterios para evaluar si un programa comercial es seguro y potencialmente exitoso. Es decir, que ofrezca una combinación de nutrición, actividad física, y apoyo al cambio de comportamiento; con objetivos realistas  de  pérdida  de  peso  de  0,5-1,0  kg  por  semana; un enfoque de mantenimiento del peso a largo plazo; un buen perfil de seguridad; y costos razonables.

## MENSAJES CLAVE PARA PERSONAS QUE VIVEN CON OBESIDAD

<!-- image -->

---

[Fuente: articulo.pdf]
## MENSAJES CLAVE PARA EL PERSONAL DE SALUD

<!-- image -->

- La industria comercial para la pérdida de peso es enorme. Los médicos deben familiarizarse con las ofertas comerciales para el manejo de la obesidad que existen en su entorno. Se han publicado criterios para evaluar si un programa comercial es seguro y potencialmente exitoso. Es decir, que ofrezca una combinación de nutrición, actividad física, y apoyo al cambio de comportamiento; con objetivos realistas  de  pérdida  de  peso  de  0,5-1,0  kg  por  semana; un enfoque de mantenimiento del peso a largo plazo; un buen perfil de seguridad; y costos razonables.

## MENSAJES CLAVE PARA PERSONAS QUE VIVEN CON OBESIDAD

<!-- image -->

---

[Fuente: articulo.pdf]
salud, en la que se detalla lo que se debe buscar en un programa de control de la obesidad seguro y satisfactorio, entre otras cosas:

-  Asesoramiento  sobre  el  comportamiento,  incluido  el  uso  de registros de alimentos y actividades;
-  Debate sobre los determinantes sociales de la salud y su impacto en el peso;
-  Debate sobre los riesgos y beneficios de los medicamentos para el tratamiento de la obesidad;
-  Retroalimentación, control y apoyo continuos por parte del programa;
-  Objetivos de pérdida de peso de 0,5-1,0 kg semanales;
-  Un  componente  específicamente  diseñado  para  tratar  de mantener el peso perdido;
-  Larga duración de los programas. 8

La gente debería desconfiar de los programas de pérdida de peso que:"
"4","Los efectos secundarios de los medicamentos para bajar de peso pueden incluir:

1. **Fentermina**: boca seca, insomnio, estimulación del sistema nervioso central, y riesgo de abuso y dependencia.
2. **Liraglutida**: náuseas, estreñimiento, diarrea, acidez, vómitos, y un riesgo 1,4% mayor de cálculos biliares en comparación con el placebo.
3. **Orlistat**: manchado aceitoso y heces, flatos con secreción, urgencia fecal, y aumento de la defecación. 

Estos efectos pueden llevar a la interrupción del tratamiento en algunos pacientes.","[Fuente: 13_Farmacoterapia-en-el-tratamiento-de-la-obesidad.pdf]
Los  efectos  adversos  más  comunes  son:  boca  seca,  insomnio  y estimulación del sistema nervioso central. 45 La principal precaución y advertencia se relaciona con abuso y dependencia. 48

## Otros tratamientos:

La combinación  de  fentermina  y  topiramato  (de  liberación controlada) está aprobada para la obesidad en algunos países. El mecanismo por el cual el topiramato induce la pérdida de peso no está claro y puede implicar múltiples vías. Al año, se observó una pérdida de peso del -6,6% restado el efecto placebo con la dosis más baja de 7,5 mg/46 mg, y del -8,6% con la dosis más alta de 15 mg/92 mg. 49  El topiramato de liberación prolongada no se encuentra disponible en Chile ni tampoco la combinación de este fármaco con fentermina.

## EFICACIA DE LA FARMACOTERAPIA EN LOS PARÁMETROS DE SALUD

## Prevención de la diabetes tipo 2

---

[Fuente: 13_Farmacoterapia-en-el-tratamiento-de-la-obesidad.pdf]
El efecto secundario más común de la liraglutida son las náuseas, lo cual se debe a una disminución transitoria del vaciado gástrico. Los pacientes también pueden experimentar estreñimiento, diarrea,  acidez  y/o  vómitos.  Una  titulación  más  gradual  puede ayudar a mitigar los efectos secundarios gastrointestinales, en caso de que se produzcan. El uso de liraglutida se asocia con un riesgo 1,4% mayor de cálculos biliares en comparación con el placebo. 25 El hecho de que la pérdida importante de peso puede aumentar el riesgo de colelitiasis y, por consiguiente, de colecistitis, solo explica parcialmente la mayor tasa con liraglutida. 26

---

[Fuente: 13_Farmacoterapia-en-el-tratamiento-de-la-obesidad.pdf]
42.   Steidl KE, Darko W, Probst LA, Noviasky JA, Samer N. Rhabdomyolysis associated with phentermine. American Journal of Health-System Pharmacy. 2010;67(22). doi:10.2146/ajhp090395
43.   Wong  VSS,  Singh  H,  Verro  P .  Posterior  reversible  encephalopathy  syndrome in  the  context  of  phentermine  use  resulting  in  intracranial  hemorrhage. Neurologist. 2011;17(2). doi:10.1097/NRL.0b013e31820a9ddc
44.   In  brief:  Phentermine  (Lomaira)  for  weight  loss.  Med  Lett  Drugs  Ther. 2016;58(1509):158.
45.   Arias HR, Santamaría A, Ali SF. Pharmacological and Neurotoxicological Actions Mediated  By  Bupropion  and  Diethylpropion.  Int  Rev  Neurobiol.  2009;88(C). doi:10.1016/S0074-7742(09)88009-4
46.   ISP . Registro Ficha ISP SUPRIM (ANFEPRAMONA CLORHIDRATO). Accessed August 17, 2022. https://registrosanitario.ispch.gob.cl/Ficha. aspx?RegistroISP=F-25111/19

---

[Fuente: 11_La-atencion-y-asistencia-primaria-en-el-manejo-de-la-obesidad.pdf]
Estos son solamente algunos de los medicamentos implicados en el aumento de peso. Wharton et al. proporcionaron una visión más completa de los medicamentos disponibles que tienen una mayor propensión a causar un aumento de peso, con estimaciones de su efecto sobre el mismo, y alternativas que, en cambio, promueven resultados más favorables. 34  Las clases de medicamentos en este estudio  incluyen  antipsicóticos,  estabilizadores  del  estado  de ánimo,  antidepresivos,  antihiperglucémicos,  antihipertensivos  y corticosteroides. Los autores animan a los médicos a discutir con los  pacientes  los  efectos  secundarios  relacionados  con  el  peso de  las  distintas  opciones  de  medicación  para  ayudar  a  facilitar las  decisiones  terapéuticas  centradas  en  el  paciente  (toma  de decisiones  compartida),  así  como  a  manejar  las  expectativas relacionadas con el peso. 34

---

[Fuente: 13_Farmacoterapia-en-el-tratamiento-de-la-obesidad.pdf]
El  tratamiento con orlistat se asocia a efectos gastrointestinales adversos  significativos,  entre  los  que  se  incluyen  el  manchado aceitoso y las heces, flatos con secreción, la urgencia fecal y el aumento de la defecación. 6  Estos efectos adversos pueden hacer que  los  pacientes  que  no  reduzcan  la  ingesta  de  grasas  en  la dieta interrumpan el tratamiento. Un análisis a largo plazo de los medicamentos  para  la  obesidad  en  Canadá  demostró  tasas  de persistencia a los seis meses, al año y a los dos años del 18%, 6% y 2% con orlistat, respectivamente. 18"
"5","La diferencia entre sobrepeso y obesidad se basa en el índice de masa corporal (IMC). El sobrepeso se define como un IMC de 25,0 a 29,9 kg/m², mientras que la obesidad se define como un IMC de ≥ 30 kg/m². Además, el sobrepeso se clasifica en riesgo moderado (25-29,9 kg/m²) y el sobrepeso grave se considera a partir de un IMC de 30 kg/m².","[Fuente: 12_Control-del-peso-durante-la-edad-reproductiva-de-las-mujeres-adultas-con-obesidad.pdf]
| Sobrepeso (25,0-29,9 kg/m 2 )   | 7-11,5                  | 15-25                   | 0,28 (0,23-0,33)                                | 0,6 (0,5-0,7)                                   |
| Obesidad (>30,0 kg/m 2 )        | 5-9                     | 11-20                   | 0,22 (0,17-0,27)                                | 0,5 (0,4-0,6)                                   |

---

[Fuente: 08_Terapia-de-nutricion-medica-de-la-obesidad.pdf]
## DEFINICIONES DE LOS TÉRMINOS UTILIZADOS EN ESTE CAPÍTULO

Obesidad : Históricamente, la obesidad ha sido definida utilizando el índice de masa corporal (IMC) de ≥ 30 kg/m 2 . En el capítulo sobre Evaluación de las personas que viven con obesidad se revisan las limitaciones y los prejuicios asociados a la utilización del IMC. Aunque el aumento de la grasa corporal suele repercutir en la salud y el bienestar, el aumento de la grasa corporal en sí mismo no implica necesariamente un deterioro de la salud ni lo predice  de  forma  inequívoca.  Por  esta  razón,  las  personas  con obesidad o sobrepeso según su IMC (≥ 25 kg/m 2  o ≥ 30 kg/m 2 , respectivamente), mencionadas en este capítulo, que su salud no se haya deteriorado y que su bienestar social no haya empeorado, son  mencionadas  como  'personas  con  un  IMC  ≥  25  kg/m 2 ' (características descriptivas del peso, no de la salud).

---

[Fuente: 06_Evaluacion-del-paciente-que-vive-con-obesidad.pdf]
| Obesidad grado III                             | 40-49,9                                        |
| Obesidad grado IV                              | 50-59,9                                        |
| Obesidad grado V                               | ≥ 60                                           |
| Etnias del sur, sudeste y este de Asia 58      | Etnias del sur, sudeste y este de Asia 58      |
| Bajo peso                                      | < 18,5                                         |
| Normal                                         | 18,5-22,9                                      |
| Sobrepeso - En riesgo                          | 23-24,9                                        |
| Sobrepeso - Riesgo moderado                    | 25-29,9                                        |
| Sobrepeso - Riesgo grave                       | ≥ 30                                           |

---

[Fuente: 04_Prevencion-y-reduccion-de-danos-de-la-obesidad-en-personas-adultas.pdf]
En lo que respecta a la obesidad, se puede pensar en esto como un chequeo regular para así prevenir un mayor aumento de peso en individuos con obesidad leve no complicada (es decir, el estadio 0  o  1  según  el  EOSS).  Aunque  la  obesidad  está  fuertemente asociada  a  la  morbilidad  y  la  mortalidad,  hay  una  variación sustancial  en  los  perfiles  de  salud  observados  entre  personas con  el  mismo  índice  de  masa  corporal.  Además,  en  el  umbral inferior de la obesidad, hay personas que aún no han desarrollado comorbilidades  relacionadas,  como  hipertensión,  dislipidemia, problemas ortopédicos o diabetes.

---

[Fuente: 02_Epidemiologia-de-la-obesidad-en-adultos-en-Chile.pdf]
Se han propuesto otros métodos para establecer la presencia de exceso de tejido adiposo que cause daño a la salud. Una definición apropiada para la obesidad es el exceso de tejido graso que causa daño a la salud, y por lo tanto, un diagnóstico de obesidad con mayor especificidad. Utilizar para el diagnóstico de obesidad un criterio que no discrimina la composición corporal como el IMC puede conducir a sobreestimación de la enfermedad. La medición de circunferencia de cintura es una medida fácil y práctica que ha demostrado buena correlación con riesgo de salud por exceso de tejido graso, especialmente en estudios de riesgo cardiovascular."
"6","Realizar actividad física regularmente si tienes obesidad tiene varios beneficios, entre ellos:

1. Mejora de los factores de riesgo cardiovascular, independientemente de la pérdida de peso significativa.
2. Reducción de peso, masa grasa, circunferencia de cintura y factores de riesgo cardiometabólicos, especialmente en personas con obesidad de clase II y III.
3. Mejora de la función física en personas de edad avanzada, incluso sin pérdida de peso significativa.
4. Aumento de la capacidad física aeróbica y fuerza muscular, especialmente post cirugía bariátrica.
5. Mejora de la calidad de vida relacionada con la salud y los trastornos del estado de ánimo (como la depresión y la ansiedad) en personas adultas con sobrepeso u obesidad.

Además, la actividad física puede ofrecer beneficios para la salud que son en parte independientes de la pérdida de peso.","[Fuente: 09_La-actividad-fisica-en-el-tratamiento-de-la-obesidad.pdf]
Además, la terapia de actividad física, con o sin cambios dietéticos, se  asocia  con  varios  beneficios  para  la  salud. 30 Por  ejemplo,  la actividad física regular puede tener un efecto positivo sobre los factores de riesgo cardiovascular; esto ocurre independientemente de una pérdida de peso significativa. 21  La intervención conductual que  incorpora  el  ejercicio  también  reduce  peso,  masa  grasa, circunferencia de cintura y factores de riesgo cardiometabólicos en participantes con obesidad de clase II y III. 31-33 En participantes de edad avanzada, el ejercicio por sí solo condujo a una mejor función física sin una pérdida de peso significativa; pero cuando se añadió a los cambios dietéticos, atenuó la disminución de la masa muscular y ósea normalmente observada solo con la dieta. 34  El volumen y la intensidad de la actividad física afectan la magnitud de los beneficios para la salud que se asocian al ejercicio. 5,30,35-37

---

[Fuente: 09_La-actividad-fisica-en-el-tratamiento-de-la-obesidad.pdf]
- c) Dislipidemia (Nivel 2a, Grado B) 15,16
5. La  actividad  física  regular  puede  mejorar  la  calidad  de vida  relacionada  con  la  salud,  los  trastornos  del  estado de ánimo (la depresión, la ansiedad) y la imagen corporal en personas adultas con sobrepeso u obesidad (Nivel 2b, Grado B). 17,18
6. La  actividad  física/ejercicio  post  cirugía  bariátrica  puede contribuir  a  incrementar  levemente  la  pérdida  de  peso y  grasa  corporal,  además  de  incrementar  de  manera significativa la capacidad física aeróbica y fuerza muscular (Nivel 1a, Grado B). 19

Certeza de la evidencia: Baja Fuerza de la recomendación: Condicional

El  objetivo  de  este  capítulo  es  entregar  a  los  profesionales  de atención  primaria  y  a  los  kinesiólogos  actualizaciones  sobre  la eficacia  de  la  actividad  física  como  enfoque  terapéutico  en  el tratamiento de la obesidad.

## COMPOSICIÓN CORPORAL

---

[Fuente: 09_La-actividad-fisica-en-el-tratamiento-de-la-obesidad.pdf]
## CONCLUSIÓN

Las personas adultas con sobrepeso u obesidad deben considerar el aumento de la actividad física como un componente integral de todas las estrategias de tratamiento de la obesidad. La actividad física  ofrece  una  amplia  gama  de  beneficios  para  la  salud  que son en parte independientes de la pérdida de peso. Las personas sedentarias  deben  progresar  hacia  30-60  minutos  o  más  de actividad  física  aeróbica  de  intensidad  moderada  a  alta  (por ejemplo, caminar, montar en bicicleta) la mayoría de los días de la semana (es decir, tratar de acumular 150 minutos o más por semana), realizar actividades de fuerza (resistencia) al menos dos días por semana y reducir la cantidad de tiempo sedentario diario para controlar el peso corporal y obtener beneficios para la salud.

---

[Fuente: 09_La-actividad-fisica-en-el-tratamiento-de-la-obesidad.pdf]
## Cómo citar este documento

La actividad física en el tratamiento de la obesidad. Adaptación de la guía de práctica clínica (Coalición chilena para el estudio de la obesidad, version 1, 2022) por Podestá I, Pino J. Capítulo adaptado de: Boulé NG, Prud'homme D. Canadian Adult Obesity Clinical Practice Guidelines: Physical Activity in Obesity Management. (version 1, 2020). Disponible en: https://obesitycanada.ca/guidelines/physicalactivity. © 2020 Obesity Canada.

Disponible en: guiasobesidadchile.com/actividadfisica Fecha de consulta [Fecha].

la  movilidad,  la  fuerza  y  la  masa  muscular  durante  las intervenciones de control de la obesidad. Esto puede ser importante, ya que estos resultados no son originalmente el objetivo y a veces se ven afectados negativamente por otras terapias, como la restricción calórica, los medicamentos y la cirugía bariátrica.

---

[Fuente: 09_La-actividad-fisica-en-el-tratamiento-de-la-obesidad.pdf]
Por tanto y en general, hay poca evidencia como para recomendar que  la  terapia  de  actividad  física  por  sí  sola  pueda  mejorar  la calidad de vida, los trastornos del estado de ánimo y la imagen corporal en personas adultas con sobrepeso u obesidad. Lo cual ha sido ratificado recientemente en una revisión sistemática 106  que incluyó 3594 mujeres con obesidad. Las personas que realizaban ejercicio  de  intensidad  moderada  a  vigorosa  solo  mostraron cambios significativos en la calidad de vida, no así en los otros aspectos estudiados (ansiedad, depresión e imagen corporal).

## RELACIÓN RIESGO-BENEFICIO DE AUMENTAR LA ACTIVIDAD FÍSICA."
"7","La obesidad aumenta el riesgo de desarrollar diabetes tipo 2 principalmente debido a la disfunción del tejido adiposo, que provoca resistencia a la insulina. El exceso de adiposidad genera una mayor liberación de ácidos grasos libres desde el tejido adiposo, lo que tiene efectos lipotóxicos y aumenta la producción de glucosa en el hígado, contribuyendo así al desarrollo de diabetes tipo 2. Además, las personas con prediabetes, que a menudo están relacionadas con la obesidad, tienen un alto riesgo de evolucionar a diabetes tipo 2.","[Fuente: 03_La-ciencia-de-la-obesidad.pdf]
## COMPLICACIONES MÉDICAS RELACIONADAS CON LA ADIPOSIDAD

La disfunción del tejido adiposo y la adiposidad excesiva predisponen  al  desarrollo  de  diversas  complicaciones  médicas de tipo metabólico, osteoarticular y psicológico. La complicación metabólica más común es la resistencia a la insulina y, en personas susceptibles, la diabetes de tipo 2. La teoría predominante postula que el exceso de adiposidad determina resistencia a la insulina. 62 Un potencial  mecanismo  es  a  través  de  la  mayor  liberación  de ácidos grasos libres desde el tejido adiposo, que genera efectos lipotóxicos. En el hígado, el aumento del flujo de ácidos grasos libres  aumenta  la  producción  de  glucosa,  la  lipogénesis  y  la secreción de lipoproteínas de muy baja densidad (VLDL).

---

[Fuente: 13_Farmacoterapia-en-el-tratamiento-de-la-obesidad.pdf]
## EFICACIA DE LA FARMACOTERAPIA EN LOS PARÁMETROS DE SALUD

## Prevención de la diabetes tipo 2

La  diabetes  tipo  2  es  una  complicación  común  de  la  obesidad, y su prevención es un objetivo importante en el tratamiento de la obesidad crónica. Las personas con prediabetes corren un alto riesgo de desarrollar diabetes tipo 2, ya que alrededor del 25% de las personas con alteración de la glucosa en ayunas o alteración de la tolerancia a la glucosa evolucionan a diabetes tipo 2 en un plazo de tres a cinco años. 50  Entre las personas con prediabetes, un kilo de pérdida de peso se asocia a una reducción del riesgo relativo del 16% en el desarrollo de diabetes tipo 2. 51

---

[Fuente: 02_Epidemiologia-de-la-obesidad-en-adultos-en-Chile.pdf]
## RIESGOS PARA LA SALUD

La obesidad, por sus características fisiopatológicas de inflamación,  alteraciones  hormonales,  inmunodepresión  y  por ser  una  enfermedad  crónica,  constituye  un  factor  reconocido de  riesgo  para  la  salud,  involucrado  en  el  desarrollo  de  cáncer y de enfermedades crónicas no transmisibles como la DM2 y la hipertensión arterial.  En años recientes, también se ha demostrado que constituye un factor de riesgo para enfermedades infecciosas causadas  por  los  virus  influenza  y  Sars-Cov  2. 21 El  exceso  de peso  categorizado  en  base  al  Índice  de  Masa  Corporal  (IMC) ha  mostrado  que  las  categorías  de  obesidad  II  y  III  se  asocian significativamente  con  mayor  mortalidad  por  cualquier  causa. 22 En  Chile,  la  obesidad  también  se  ha  identificado  dentro  de  los principales factores de riesgo modificables para desarrollar DM2 e hipertensión arterial. 23,24

---

[Fuente: 02_Epidemiologia-de-la-obesidad-en-adultos-en-Chile.pdf]
-  La  obesidad  aumenta  el  riesgo  de  padecer  enfermedades crónicas graves como enfermedades cardíacas, cáncer, derrames cerebrales, diabetes tipo 2 (DM2) e hígado graso no alcohólico, entre otras; perjudicando la calidad de vida relacionada con la salud de la persona, y reduce la esperanza de vida.
-  En  Chile,  la  prevalencia  de  la  obesidad  ha  aumentado  en todos  los  grupos  etarios  y  se  presenta  muy  precozmente desde la niñez. Además, se concentra en la población de menor nivel educativo y en mujeres.

---

[Fuente: 03_La-ciencia-de-la-obesidad.pdf]
Es  importante  destacar  que  las  células  inflamatorias,  como los  macrófagos  y  los  monocitos,  migran  a  la  grasa  visceral  de los  sujetos  con  obesidad,  lo  que  aumenta  aún  más  el  estado inflamatorio y perjudica la sensibilidad a la insulina. La adiposidad también  está  relacionada  con  un  mayor  riesgo  de  padecer muchas formas de cáncer a través de la liberación de factores de crecimiento hormonales y adipoquinas inflamatorias. 65

## LA PARADOJA DE LA OBESIDAD"
"8","El contexto no proporciona una lista específica de alimentos ricos en fibra que ayuden a sentir más saciedad. Sin embargo, menciona que una mayor ingesta de fibra dietética total se asocia con beneficios para la salud. Para obtener alimentos ricos en fibra, se pueden considerar fuentes como cereales, frutas, verduras y legumbres, aunque el contexto no detalla cuáles son los más efectivos para la saciedad.","[Fuente: 17_Productos-y-programas-comerciales-para-el-control-de-la-obesidad.pdf]
## GLUCOMANANO

El  glucomanano es una fibra soluble que se cree que retrasa el vaciado  gástrico  y,  a  su  vez,  aumenta  la  saciedad  y  reduce  la ingesta de alimentos. 25  Una reciente revisión sistemática de seis breves ensayos aleatorios de control llegó a la conclusión de que había datos limitados que apoyaban que la suplementación con glucomanano podía ayudar a reducir el peso, pero no el índice de masa corporal. 26

## ACUPUNTURA

---

[Fuente: articulo.pdf]
## GLUCOMANANO

El  glucomanano es una fibra soluble que se cree que retrasa el vaciado  gástrico  y,  a  su  vez,  aumenta  la  saciedad  y  reduce  la ingesta de alimentos. 25  Una reciente revisión sistemática de seis breves ensayos aleatorios de control llegó a la conclusión de que había datos limitados que apoyaban que la suplementación con glucomanano podía ayudar a reducir el peso, pero no el índice de masa corporal. 26

## ACUPUNTURA

---

[Fuente: 08_Terapia-de-nutricion-medica-de-la-obesidad.pdf]
La Organización Mundial  de  la  Salud  (OMS)  encargó  una serie  de  revisiones  sistemáticas  y  metaanálisis  de  estudios  de cohortes prospectivos, que incluían a personas sin enfermedades agudas o crónicas (incluyendo personas con prediabetes, hipercolesterolemia de leve a moderada, hipertensión de leve a moderada o síndrome metabólico). Las pruebas mostraron que una mayor ingesta de fibra dietética total se asoció con una menor incidencia  de  diabetes,  enfermedad  coronaria  y  mortalidad, accidente  cerebrovascular  y  mortalidad,  cáncer  colorrectal y cáncer total y mortalidad. Los autores no observaron diferencias en la reducción del riesgo según el tipo de fibra (insoluble, soluble o viscosa soluble) o la fuente de fibra (cereales, frutas, verduras o  legumbres). 95 Los  análisis  de  metarregresión  dosis-respuesta mostraron que los beneficios se asociaban a ingestas superiores a 25-29 g al día

---

[Fuente: 17_Productos-y-programas-comerciales-para-el-control-de-la-obesidad.pdf]
10.   Solah VA, O'Mara-Wallace B, Meng X, et al. Consumption of the Soluble Dietary Fibre Complex PolyGlycopleX(®) Reduces Glycaemia and Increases Satiety of a Standard Meal Postprandially. Nutrients. 2016;8(5). doi:10.3390/NU8050268
11.   Onakpoya IJ, Heneghan CJ. Effect of the novel functional fibre, polyglycoplex (PGX), on  body  weight  and  metabolic  parameters:  A  systematic  review  of  randomized clinical trials. Clinical Nutrition. 2015;34(6). doi:10.1016/j.clnu.2015.01.004
12.   Thompson  S  v.,  Hannon  BA,  An  R,  Holscher  HD.  Effects  of  isolated  soluble fiber supplementation on body weight, glycemia, and insulinemia in adults with overweight and obesity: A systematic review and meta-analysis of randomized controlled trials. American Journal of Clinical Nutrition. 2017;106(6). doi:10.3945/ajcn.117.163246

---

[Fuente: articulo.pdf]
10.   Solah VA, O'Mara-Wallace B, Meng X, et al. Consumption of the Soluble Dietary Fibre Complex PolyGlycopleX(®) Reduces Glycaemia and Increases Satiety of a Standard Meal Postprandially. Nutrients. 2016;8(5). doi:10.3390/NU8050268
11.   Onakpoya IJ, Heneghan CJ. Effect of the novel functional fibre, polyglycoplex (PGX), on  body  weight  and  metabolic  parameters:  A  systematic  review  of  randomized clinical trials. Clinical Nutrition. 2015;34(6). doi:10.1016/j.clnu.2015.01.004
12.   Thompson  S  v.,  Hannon  BA,  An  R,  Holscher  HD.  Effects  of  isolated  soluble fiber supplementation on body weight, glycemia, and insulinemia in adults with overweight and obesity: A systematic review and meta-analysis of randomized controlled trials. American Journal of Clinical Nutrition. 2017;106(6). doi:10.3945/ajcn.117.163246"
"9","La resistencia a la insulina es una complicación metabólica común asociada con la adiposidad excesiva, donde el cuerpo no responde adecuadamente a la insulina, lo que puede llevar al desarrollo de diabetes tipo 2 en personas susceptibles. Se postula que el exceso de adiposidad determina esta resistencia a la insulina, posiblemente a través de la mayor liberación de ácidos grasos libres desde el tejido adiposo, lo que genera efectos lipotóxicos y aumenta la producción de glucosa en el hígado. Además, en personas con excesiva adiposidad, se genera un estado de resistencia a la leptina, lo que perpetúa la acumulación de masa grasa.","[Fuente: 03_La-ciencia-de-la-obesidad.pdf]
## COMPLICACIONES MÉDICAS RELACIONADAS CON LA ADIPOSIDAD

La disfunción del tejido adiposo y la adiposidad excesiva predisponen  al  desarrollo  de  diversas  complicaciones  médicas de tipo metabólico, osteoarticular y psicológico. La complicación metabólica más común es la resistencia a la insulina y, en personas susceptibles, la diabetes de tipo 2. La teoría predominante postula que el exceso de adiposidad determina resistencia a la insulina. 62 Un potencial  mecanismo  es  a  través  de  la  mayor  liberación  de ácidos grasos libres desde el tejido adiposo, que genera efectos lipotóxicos. En el hígado, el aumento del flujo de ácidos grasos libres  aumenta  la  producción  de  glucosa,  la  lipogénesis  y  la secreción de lipoproteínas de muy baja densidad (VLDL).

---

[Fuente: 03_La-ciencia-de-la-obesidad.pdf]
. 12  Por otro lado, se ha propuesto que en personas con excesiva adiposidad se genera un estado de resistencia a la leptina, lo que perpetúa la acumulación de masa grasa en la obesidad. 13

---

[Fuente: 03_La-ciencia-de-la-obesidad.pdf]
Es  importante  destacar  que  las  células  inflamatorias,  como los  macrófagos  y  los  monocitos,  migran  a  la  grasa  visceral  de los  sujetos  con  obesidad,  lo  que  aumenta  aún  más  el  estado inflamatorio y perjudica la sensibilidad a la insulina. La adiposidad también  está  relacionada  con  un  mayor  riesgo  de  padecer muchas formas de cáncer a través de la liberación de factores de crecimiento hormonales y adipoquinas inflamatorias. 65

## LA PARADOJA DE LA OBESIDAD

---

[Fuente: 03_La-ciencia-de-la-obesidad.pdf]
64.   Chen L, Chen R, Wang H, Liang F. Mechanisms Linking Inflammation to Insulin Resistance. Int J Endocrinol. 2015;2015. doi:10.1155/2015/508409
65.   Zhang Z, Scherer PE. Adipose tissue: The dysfunctional adipocyte - a cancer cell' s  best  friend.  Nat  Rev  Endocrinol.  2018;14(3):132-134.  doi:10.1038/ NRENDO.2017.174
66.   Wildman RP, Muntner P , Reynolds K, et al. The obese without cardiometabolic risk factor  clustering  and  the  normal  weight  with  cardiometabolic  risk factor  clustering:  prevalence  and  correlates  of  2  phenotypes  among  the  US population (NHANES 1999-2004). Arch Intern Med. 2008;168(15):1617-1624. doi:10.1001/ARCHINTE.168.15.1617
67.   WC K, E BC, SE F, et al. Reduction in the incidence of type 2 diabetes with lifestyle  intervention  or  metformin.  N  Engl  J  Med.  2002;346(6):393-403. doi:10.1056/NEJMOA012512

---

[Fuente: 03_La-ciencia-de-la-obesidad.pdf]
La  adiponectina  también  es  una  hormona  producida  por  los adipocitos  que  alcanza  altas  concentraciones  en  el  plasma.  Se ha propuesto que la adiponectina ejerce efectos en una amplia gama de procesos fisiológicos, como la homeostasis energética, la  función  vascular,  la  inflamación  sistémica  y  el  crecimiento celular. Una de sus funciones más importantes parece ser la de agente sensibilizador de la insulina. Los niveles de adiponectina circulante  son  más  bajos  en  personas  con  obesidad,  síndrome de  ovario  poliquístico,  individuos  con  intolerancia  a  la  glucosa o  diabetes  tipo  2.  La  disminución  del  nivel  de  adiponectina,  o hipoadiponectinemia,  se  podría  asociar  a  un  mayor  riesgo  de desarrollar diabetes tipo 2. 47"
"10","Las recomendaciones para controlar el hambre durante un plan de alimentación incluyen:

1. Hacer hincapié en las prácticas alimentarias individuales y la calidad de los alimentos.
2. Fomentar una relación saludable con la comida.
3. Incluir la alimentación basada en la atención plena, que puede ayudar a reducir la ansiedad por la comida y mejorar la conciencia de la sensación de hambre y saciedad.
4. Utilizar intervenciones conductuales que refuercen la autorregulación alimentaria, especialmente en aquellos que reportan fuertes ansias de comer. 

No se menciona información específica sobre técnicas adicionales para controlar el hambre en el contexto proporcionado.","[Fuente: 08_Terapia-de-nutricion-medica-de-la-obesidad.pdf]
-  Las intervenciones nutricionales para el tratamiento de  la  obesidad  deben  hacer  hincapié  en  las  prácticas alimentarias individuales, la calidad de los alimentos y en una relación saludable con la comida. También se puede incluir  la  alimentación  basada  en  la  atención  plena,  lo que  puede  ayudar  a  reducir  la  ansiedad  por  la  comida, disminuir la alimentación basada en la recompensa, mejorar la satisfacción corporal y aumentar la conciencia de la sensación de hambre y saciedad.
-  La restricción calórica permite bajar de peso a corto plazo (&lt;12 meses) pero no ha demostrado ser sostenible a largo plazo (&gt;12 meses). La restricción calórica puede afectar a las vías neurobiológicas que controlan el apetito, el hambre, los antojos y la regulación del peso corporal, lo cual puede provocar  un  aumento  de  la  ingesta  de  alimentos  y  un aumento de peso.

---

[Fuente: 08_Terapia-de-nutricion-medica-de-la-obesidad.pdf]
- i.  La  restricción  intermitente o continua de calorías logró una reducción similar del peso a corto plazo (Nivel 2a, Grado B). 38
- j.  Legumbres  (porotos,  garbanzos,  lentejas,  arvejas  secas) para  mejorar  el  peso  (Nivel  2,  Grado  B), 39 mejorar  el control glicémico (Nivel 2, Grado B), 40 cumplir los objetivos

---

[Fuente: 10_Intervenciones-psicologicas-y-conductuales-eficaces-en-el-tratamiento-de-la-obesidad.pdf]
| El personal de salud debe conocer la importancia de los fundamentos neurobiológicos que subyacen al impulso de comer (antojos de comida), así como el rol de la comida como refuerzo (aprendizaje asociativo). Esta información debe utilizarse                             | Las intervenciones conductuales que refuerzan la autorregulación alimentaria mejoran los resultados, sobre todo en aquellos que reportan fuertes ansias de comer. 32-34                                            | NIVEL 2, GRADO B     |

---

[Fuente: 10_Intervenciones-psicologicas-y-conductuales-eficaces-en-el-tratamiento-de-la-obesidad.pdf]
27.   Semper HM, Povey R, Clark-Carter D. A systematic review of the effectiveness of  smartphone  applications  that  encourage  dietary  self-regulatory  strategies for weight loss in overweight and obese adults. Obesity Reviews. 2016;17(9). doi:10.1111/obr.12428
28.   Lowe  MR,  Butryn  ML.  Hedonic  hunger:  A  new  dimension  of  appetite? Physiology and Behavior. 2007;91(4). doi:10.1016/j.physbeh.2007.04.006
29.   Zheng  H,  Lenard  NR,  Shin  AC,  Berthoud  HR.  Appetite  control  and  energy balance  regulation  in  the  modern  world:  Reward-driven  brain  overrides repletion  signals.  International  Journal  of  Obesity.  2009;33.  doi:10.1038/ ijo.2009.65
30.   Epstein LH, Carr KA, Lin H, Fletcher KD. Food reinforcement, energy intake, and macronutrient choice. American Journal of Clinical Nutrition. 2011;94(1). doi:10.3945/ajcn.110.010314

---

[Fuente: 08_Terapia-de-nutricion-medica-de-la-obesidad.pdf]
Una revisión sistemática 180  descubrió que las dietas muy bajas en calorías pueden utilizarse sin exacerbar los trastornos alimentarios existentes  o  los  episodios  de  atracones  en  programas  con  supervisión médica. Da Luz et al. 180   encontraron que los atracones disminuyeron en las intervenciones de DMBC. Un ensayo prospectivo de control aleatorio  no  encontró  conductas  alimentarias  trastornadas,  ni trastornos por atracones y disminuyó los síntomas de depresión en los grupos con restricción calórica (1200 kcal-1500 kcal/día con alimentos  convencionales,  o  1000  kcal/día  con  sustituciones  de comidas completas) en comparación con un enfoque sin restricción calórica. 181 Los  síntomas  de  baja  autoestima  y  los  pensamientos negativos sobre la imagen corporal disminuyeron en los tres grupos a  lo  largo  del  tiempo"
"11","No se puede determinar si el tratamiento está funcionando solo con la información de un mes. La reducción inicial de peso puede ser mayor y hacerse evidente después de aproximadamente seis semanas de uso, con una baja de 2,2 a 3,4 kg. Además, si no se consigue una pérdida de peso clínicamente significativa, se deben evaluar otros factores que podrían estar influyendo en la percepción del fracaso del tratamiento.","[Fuente: 04_Prevencion-y-reduccion-de-danos-de-la-obesidad-en-personas-adultas.pdf]
. La reducción inicial es mayor y se hace evidente después de aproximadamente seis semanas de uso con una baja de 2,2 a 3,4 Kg. 75

---

[Fuente: 13_Farmacoterapia-en-el-tratamiento-de-la-obesidad.pdf]
Si no se consigue una pérdida de peso clínicamente significativa con  la farmacoterapia, deben  evaluarse  otros factores  que contribuyan  a  la  percepción  del  fracaso  de  la  misma,  como  la dosificación  o  el  cumplimiento  inadecuado,  las  barreras  para el  cambio  conductual  y  los  problemas  psicosociales  o  médicos. También hay que reconocer que existe una considerable heterogeneidad en la respuesta a la farmacoterapia con cualquier agente farmacoterapéutico. Debe considerarse la posibilidad de probar otra medicación para la obesidad si no se ha conseguido un éxito clínicamente significativo en su control después de tres meses  con  la  dosis  completa/máxima  tolerada  y  no  hay  otras etiologías  evidentes  de  su  causa.  En  la  actualidad,  no  tenemos capacidad  para  predecir  qué  medicación  beneficiará  más  a  un paciente

---

[Fuente: 16_Cirugia-bariatrica-Tratamiento-postoperatorio.pdf]
4. Recuerde que su peso más bajo después de la cirugía se producirá entre los 12 y los 18 meses. Después de esto, se produce un aumento natural de peso. Si está subiendo una cantidad excesiva de peso, coméntelo con su equipo bariátrico o con su médico de atención primaria.

## RECOMENDACIONES ADOPTADAS

<!-- image -->

---

[Fuente: 11_La-atencion-y-asistencia-primaria-en-el-manejo-de-la-obesidad.pdf]
Los participantes de las tres ramas del ensayo perdieron un peso significativo  a  los  12  meses  (p  &lt;0,01).  Los  del  grupo  ASPIRE perdieron  significativamente  más  peso  a  los  12  meses  que  los de los otros dos grupos de tratamiento. (Grupo ASPIRE -2,8 kg, IC  95%  -3,8  a  -1,9;  ASPIRE-Teléfono  -1,4  kg,  IC  95%  -2,4  a -0,5;  MOVE!  -1,4  kg,  IC  95%  -2,3  a  -0,4).  Los  porcentajes  de personas que perdieron al menos 5% de su peso corporal basal a los 12 meses fueron del 23,8% en el grupo ASPIRE, del 21,7% en el grupo por teléfono ASPIRE y del 20,2% en el grupo MOVE! (p  =  0,79)

---

[Fuente: 11_La-atencion-y-asistencia-primaria-en-el-manejo-de-la-obesidad.pdf]
Más recientemente, un ensayo clínico realizado por Hageman et al. comparó la eficacia de una intervención basada únicamente en la web, con intervenciones basadas en la web complementadas con  un  grupo  de  apoyo  de  discusión  dirigido  por  pares  o  con asesoramiento profesional por correo electrónico para lograr un cambio en el peso corporal. Este ensayo descubrió que un 42% de los  participantes  que  solo  utilizaron  la  web,  un  38%  de  los que utilizaron la web más el grupo de discusión y un 51% de los que utilizaron la web más el correo electrónico fueron capaces de conseguir una pérdida de peso clínicamente relevante de &gt; 5% a los seis meses. 54  La mitad de los participantes recuperaron el peso a los 30 meses. Esto podría deberse a que la intervención dietética era más indicativa y no individualizada; y, por lo tanto, insostenible"
"12","El contexto no proporciona información específica sobre si un evento puntual, como comer en un cumpleaños, echa a perder un tratamiento para la obesidad. Sin embargo, se menciona que la restricción calórica puede permitir bajar de peso a corto plazo, pero no ha demostrado ser sostenible a largo plazo. Además, la recuperación del peso perdido es un fenómeno frecuente una vez terminado el tratamiento. Por lo tanto, un solo evento no necesariamente determina el éxito o fracaso de un tratamiento, pero puede influir en el proceso.","[Fuente: 15_Cirugia-bariatrica-Opciones-quirurgicas-y-resultados.pdf]
Para la mayoría de las personas que viven con obesidad severa, las intervenciones destinadas a establecer hábitos saludables pueden inducir pérdidas de peso de baja magnitud y de corta duración, siendo la recuperación del peso perdido un fenómeno frecuente una  vez  terminado  el  tratamiento.  Adicionalmente,  el  impacto de estas intervenciones en  conseguir  un  adecuado  control de  las  enfermedades  o  trastornos  metabólicos  asociados  es limitado. Por ejemplo, la gran mayoría (74%) de las personas con obesidad severa y diabetes que se sometieron a una intervención conductual  intensiva  en  el  estudio  Look  AHEAD  (Action  for Health in Diabetes) no mantuvieron una pérdida de peso mayor o igual al 10% del peso corporal inicial luego de cuatro años

---

[Fuente: 08_Terapia-de-nutricion-medica-de-la-obesidad.pdf]
Las  DMBC  que  utilizan  sustitutivos  de  las  comidas  incluyen supervisión médica y un amplio apoyo (asesoramiento nutricional, psicológico  y  de  ejercicio)  como  parte  de  la  intervención.  Los estudios a largo plazo que utilizaron intervenciones de DMBC con sustituciones  parciales  de  comidas  informaron  de  resultados  de peso de -6,2% al primer año y de -2,3% a los tres años en aquellos que asistieron durante más de tres años y que no tenían tratamiento farmacológico  añadido. 135   Como  se  informó  anteriormente,  la pérdida de peso o los ciclos de peso pueden dar lugar a mecanismos compensatorios biológicos que pueden promover el aumento de peso a largo plazo en algunas personas. 64-66 A pesar de la falta de mantenimiento del peso a largo plazo, sin tratamiento, podrían esperarse trayectorias de peso más elevadas

---

[Fuente: 08_Terapia-de-nutricion-medica-de-la-obesidad.pdf]
-  Las intervenciones nutricionales para el tratamiento de  la  obesidad  deben  hacer  hincapié  en  las  prácticas alimentarias individuales, la calidad de los alimentos y en una relación saludable con la comida. También se puede incluir  la  alimentación  basada  en  la  atención  plena,  lo que  puede  ayudar  a  reducir  la  ansiedad  por  la  comida, disminuir la alimentación basada en la recompensa, mejorar la satisfacción corporal y aumentar la conciencia de la sensación de hambre y saciedad.
-  La restricción calórica permite bajar de peso a corto plazo (&lt;12 meses) pero no ha demostrado ser sostenible a largo plazo (&gt;12 meses). La restricción calórica puede afectar a las vías neurobiológicas que controlan el apetito, el hambre, los antojos y la regulación del peso corporal, lo cual puede provocar  un  aumento  de  la  ingesta  de  alimentos  y  un aumento de peso.

---

[Fuente: 08_Terapia-de-nutricion-medica-de-la-obesidad.pdf]
Una revisión sistemática 180  descubrió que las dietas muy bajas en calorías pueden utilizarse sin exacerbar los trastornos alimentarios existentes  o  los  episodios  de  atracones  en  programas  con  supervisión médica. Da Luz et al. 180   encontraron que los atracones disminuyeron en las intervenciones de DMBC. Un ensayo prospectivo de control aleatorio  no  encontró  conductas  alimentarias  trastornadas,  ni trastornos por atracones y disminuyó los síntomas de depresión en los grupos con restricción calórica (1200 kcal-1500 kcal/día con alimentos  convencionales,  o  1000  kcal/día  con  sustituciones  de comidas completas) en comparación con un enfoque sin restricción calórica. 181 Los  síntomas  de  baja  autoestima  y  los  pensamientos negativos sobre la imagen corporal disminuyeron en los tres grupos a  lo  largo  del  tiempo

---

[Fuente: 04_Prevencion-y-reduccion-de-danos-de-la-obesidad-en-personas-adultas.pdf]
## TRATAMIENTO DEL CÁNCER

Si bien las personas en tratamiento por cáncer pueden presentar más frecuentemente baja de peso, algunos pacientes aumentan de  peso,  especialmente  en  pacientes  tratados  por  cáncer  de mama, colorrectal,  próstata  y  ovario. 31,56,57 El  aumento  de  peso puede  estar  relacionado  al  uso  de  ciertos  medicamentos,  la quimioterapia  y/o  cambios  hormonales. 58   La  gran  mayoría  de la  literatura  se  ha  centrado  en  la  eficacia  de  las  intervenciones de estilo de vida para la prevención del aumento de peso de las pacientes con cáncer de mama, ya que la mayoría experimenta un aumento de peso durante el tratamiento. 59  De hecho, menos del 10% de las mujeres que aumentan de peso después de recibir un diagnóstico de cáncer de mama vuelven a su peso anterior al diagnóstico, incluso después de seis años. 32"
"13","El contexto no proporciona una respuesta directa sobre si vale la pena retomar la dieta y el ejercicio después de dos semanas de inactividad. Sin embargo, menciona que los cambios de comportamiento son importantes para mantener patrones de alimentación y actividad a largo plazo, y que la pérdida de peso puede ser difícil de mantener. También se sugiere que la percepción de una meseta en el peso puede influir en la continuidad de los comportamientos asociados a resultados positivos. Por lo tanto, retomar la dieta y el ejercicio podría ser beneficioso, pero el contexto no especifica si has perdido todo el avance.","[Fuente: 03_La-ciencia-de-la-obesidad.pdf]
La actividad física regular aumenta el gasto energético y mejora la salud cardiovascular. Los cambios de comportamiento son, con mucho, el  componente  más  importante  para  integrar  patrones de alimentación y actividad que sean satisfactorios a largo plazo. Pueden incluir el autocontrol o el registro de un diario de alimentos y ejercicios, el apoyo de familiares o amistades o el asesoramiento individual o en grupo. Los cambios de comportamiento a corto plazo conducen a una pérdida de peso discreta del 3-5%, pero suele ser difícil de mantener. Las tasas de reincidencia en la pérdida de  peso  son  altas  porque  nuestro  cuerpo  está  diseñado  para resistirse a la pérdida de peso. La reducción del gasto energético y las respuestas hormonales adaptativas tras la pérdida de peso pueden favorecer la recuperación de peso.

Una revisión sistemática descubrió que la tasa promedio de gasto energético  en  reposo  disminuía  en  aproximadamente  15  kcal/kg

---

[Fuente: 11_La-atencion-y-asistencia-primaria-en-el-manejo-de-la-obesidad.pdf]
Los objetivos individualizados y alcanzables para la salud, la  nutrición  y  la  reducción  de  la  ingesta  calórica  efectiva  se personalizaron  según  el  historial  y  las  rutinas  dietéticas,  con  la fijación de objetivos y seguimiento. Para la intervención de ejercicio, se evaluó el estado inicial y se elaboraron objetivos alcanzables individualizados en conjunto con los participantes. La adherencia fue muy buena durante el periodo intensivo de seis meses, con un 82% de deserción debido a razones médicas, problemas logísticos, razones personales y necesidades no satisfechas en las sesiones de asesoramiento. Tanto el grupo nutricional como el nutricional más ejercicio perdieron más peso que el control a los seis meses: -2,7 (-4,2 a -1,1) kg y -3,5 (-5,1 a -1,8) kg, respectivamente. A los 12 meses, el grupo de asesoramiento nutricional había conseguido -1,3 (-4,0 a -1,4) kg y el grupo de nutrición más ejercicio había conseguido -2,4 (-5,2 a 0,5) kg. 51

---

[Fuente: 11_La-atencion-y-asistencia-primaria-en-el-manejo-de-la-obesidad.pdf]
La pérdida de peso se produjo en ambos grupos; sin embargo, casi la mitad del grupo de intervención reforzada logró una pérdida de  peso  clínicamente  significativa  de  al  menos  el  5%  del  peso corporal basal a los 12 meses (47,8% frente al 11,6%; p &lt;0,001). A los 24 meses, el 33,3% de la intervención reforzada y el 24,6% de la intervención estándar tenían &gt;5% de pérdida de peso, y las diferencias  entre  los  grupos  ya  no  eran  significativas.  Hubo  un aumento en la actividad física autoreportada, ya que el grupo de intervención mejorada afirmó realizar 126,1 minutos de ejercicio de moderado a intensidad alta por semana, en comparación con 73,7 minutos en el grupo estándar (p = 0,04). Si bien hubo una reducción  a  101,3  minutos  en  el  grupo  mejorado  en  la  marca de 24 meses, seguía siendo superior a la rama de control en 75 minutos (p = 0,04). 8

---

[Fuente: 11_La-atencion-y-asistencia-primaria-en-el-manejo-de-la-obesidad.pdf]
. Esto podría deberse a que la intervención dietética era más indicativa y no individualizada; y, por lo tanto, insostenible. El uso de intervenciones basadas en la web puede seguir siendo una opción rentable en la comunidad para lograr una pérdida de peso  relevante,  especialmente  en  aquellas  comunidades  donde los recursos son escasos. Para mitigar la recuperación de peso, lo ideal es que el asesoramiento sobre la dieta y la actividad física se adapte a cada persona.

---

[Fuente: 10_Intervenciones-psicologicas-y-conductuales-eficaces-en-el-tratamiento-de-la-obesidad.pdf]
Consideremos,  por  ejemplo,  la  experiencia  de  la  meseta  en  el peso. Cuando una persona se esfuerza mucho por perder peso y luego alcanza una meseta, ¿continuará con los comportamientos asociados a los resultados positivos o dejará de hacerlo? Si perciben la  meseta  como  un  fracaso,  es  probable  que  dejen  de  hacerlo (porque el refuerzo cesó, es decir, un castigo). Si comprendieran el  concepto  de  'mejor  peso'  y  vieran  la  meseta  como  un éxito  (refuerzo),  probablemente  continuarían.  Muchas  de  las intervenciones cognitivas en el tratamiento de la obesidad están diseñadas  para  ayudar  al  paciente  a  replantear  las  experiencias desde  un  contexto  interpretativo  negativo  (castigo)  a  uno  más positivo (refuerzo). Aquí se puede ver que el comportamiento y la psicología están fuertemente entrelazados."
"14","Podrías considerar realizar pequeños cambios en tu rutina diaria, como interrumpir el tiempo sedentario con episodios frecuentes de actividad ligera a moderada, como levantarte y caminar durante dos a cinco minutos cada 30 minutos. Además, intenta acumular al menos 30 minutos de actividad física aeróbica de intensidad moderada a intensa la mayoría de los días de la semana y reducir la cantidad de tiempo que pasas sentado. Estos pequeños cambios pueden contribuir a mejorar tu salud y controlar tu peso corporal.","[Fuente: 09_La-actividad-fisica-en-el-tratamiento-de-la-obesidad.pdf]
Los beneficios para la salud relacionados con la actividad física se asocian en parte con la dosis de actividad física (es decir tipo, duración, intensidad y frecuencia). 23  Sin embargo, la reducción de la actividad sedentaria durante el día también puede producir beneficios para la salud, independientemente de los niveles de actividad  física  regular. 24 Para  mejorar  la  salud,  se  recomienda que las personas realicen un mínimo de 30 minutos de actividad física aeróbica de intensidad moderada a intensa la mayor parte de los días de la semana, (sumando al menos 150 minutos por semana), realicen actividades de fuerza (resistencia) al menos dos días por semana 25  y reduzcan la cantidad de tiempo sedentario diario. 26

---

[Fuente: 11_La-atencion-y-asistencia-primaria-en-el-manejo-de-la-obesidad.pdf]
Una estrategia constructiva en el ámbito de la atención primaria que puede utilizarse para promover la capacidad de las personas de participar activamente en su atención es darse cuenta del valor de trabajar con las personas para realizar pequeños cambios en los comportamientos de salud a lo largo del tiempo. El enfoque de  Pequeños  Cambios  para  el  control  de  la  obesidad  es  una intervención  individualizada  que  anima  a  los  participantes  a marcarse  pequeños  objetivos  que  ellos  mismos  seleccionan  en base  a  sus  actuales  patrones  de  comportamiento  en  materia de  salud. 11 Pequeños  Cambios  plantea  la  hipótesis  de  que  un déficit  energético  de  200-300  kcal  al  día  puede  ser  suficiente para producir reducción de peso y mantenimiento de la pérdida de peso a largo plazo

---

[Fuente: 09_La-actividad-fisica-en-el-tratamiento-de-la-obesidad.pdf]
Como este es el único estudio identificado por nuestra búsqueda, estos  resultados  deben  confirmarse  antes  de  recomendar  una frecuencia  reducida  de  sesiones  de  ejercicio.  También  hay  que tener  en  cuenta  que,  en  los  últimos  años,  un  gran  número  de publicaciones informan de mejoras a corto plazo en los factores de riesgo cardiometabólico (p. ej., glucosa y triglicéridos)  al  interrumpir el tiempo sedentario con múltiples episodios frecuentes en que se ponen de pie o caminan con intensidad ligera a moderada (p. ej., de dos a cinco minutos cada 30 minutos). 70,71  Todavía se necesitan estudios adicionales a largo plazo sobre los efectos de interrumpir el tiempo sedentario con sesiones cortas y frecuentes de actividad.

## FACTORES DE RIESGO CARDIOMETABÓLICO Y ENFERMEDADES CRÓNICAS

---

[Fuente: 09_La-actividad-fisica-en-el-tratamiento-de-la-obesidad.pdf]
## CONCLUSIÓN

Las personas adultas con sobrepeso u obesidad deben considerar el aumento de la actividad física como un componente integral de todas las estrategias de tratamiento de la obesidad. La actividad física  ofrece  una  amplia  gama  de  beneficios  para  la  salud  que son en parte independientes de la pérdida de peso. Las personas sedentarias  deben  progresar  hacia  30-60  minutos  o  más  de actividad  física  aeróbica  de  intensidad  moderada  a  alta  (por ejemplo, caminar, montar en bicicleta) la mayoría de los días de la semana (es decir, tratar de acumular 150 minutos o más por semana), realizar actividades de fuerza (resistencia) al menos dos días por semana y reducir la cantidad de tiempo sedentario diario para controlar el peso corporal y obtener beneficios para la salud.

---

[Fuente: 09_La-actividad-fisica-en-el-tratamiento-de-la-obesidad.pdf]
68.   Roy M, Williams SM, Brown RC, et al. High-Intensity Interval Training in the Real World: Outcomes from a 12-Month Intervention in Overweight Adults. Med Sci Sports Exerc. 2018;50(9). doi:10.1249/MSS.0000000000001642
69.   Madjd A, Taylor MA, Neek LS, et al. Effect of weekly physical activity frequency on weight loss in healthy overweight and obese women attending a weight loss  program:  A  randomized  controlled  trial.  Am  J  Clin  Nutr.  2016;104(5). doi:10.3945/ajcn.116.136408
70.   Henson  J,  Davies  MJ,  Bodicoat  DH,  et  al.  Breaking  Up  Prolonged  Sitting with  Standing  or  Walking  Attenuates  the  Postprandial  Metabolic  Response in  Postmenopausal  Women:  A  Randomized  Acute  Study.  Diabetes  Care. 2016;39(1). doi:10.2337/dc15-1240
71.   Dunstan  DW,  Kingwell  BA,  Larsen  R,  et  al.  Breaking  up  prolonged  sitting reduces postprandial glucose and insulin responses. Diabetes Care. 2012;35(5). doi:10.2337/dc11-1931"
"15","El contexto no proporciona una respuesta específica sobre cómo seguir un tratamiento de obesidad sin cocinar algo distinto para ti en un hogar donde todos consumen pan y comida calórica. Sin embargo, se sugiere que es importante discutir con un nutricionista certificado para obtener un plan personalizado que se adapte a tus necesidades y a la dinámica familiar. También se menciona la importancia de tener una relación sana con la comida y de considerar la alimentación consciente.","[Fuente: 08_Terapia-de-nutricion-medica-de-la-obesidad.pdf]
-  Las intervenciones nutricionales para el tratamiento de  la  obesidad  deben  hacer  hincapié  en  las  prácticas alimentarias individuales, la calidad de los alimentos y en una relación saludable con la comida. También se puede incluir  la  alimentación  basada  en  la  atención  plena,  lo que  puede  ayudar  a  reducir  la  ansiedad  por  la  comida, disminuir la alimentación basada en la recompensa, mejorar la satisfacción corporal y aumentar la conciencia de la sensación de hambre y saciedad.
-  La restricción calórica permite bajar de peso a corto plazo (&lt;12 meses) pero no ha demostrado ser sostenible a largo plazo (&gt;12 meses). La restricción calórica puede afectar a las vías neurobiológicas que controlan el apetito, el hambre, los antojos y la regulación del peso corporal, lo cual puede provocar  un  aumento  de  la  ingesta  de  alimentos  y  un aumento de peso.

---

[Fuente: 08_Terapia-de-nutricion-medica-de-la-obesidad.pdf]
su  nutricionista  para  discutir  las  ventajas  y  desventajas  de los diferentes patrones de alimentación en cuanto le ayuden a  lograr  sus  objetivos  de  salud.  La  forma  de  comer  es  tan importante como cuánto y qué se come. Intente comer de manera consciente y tener una relación sana con la comida.

Hacer 'dieta' o restringir drásticamente la ingesta de alimentos puede provocar cambios en su cuerpo que, con el tiempo, podrían hacerle recuperar el peso.

Acuda a un nutricionista certificado que le ofrezca un plan personalizado  y  le  brinde  asesoramiento  continuo  sobre  su estado de salud y sus requerimientos nutricionales.

---

[Fuente: 08_Terapia-de-nutricion-medica-de-la-obesidad.pdf]
| Enfoques alimentarios • Legumbres • Frutas y verduras • Frutos secos • Cereales integrales • Lácteos   | Patrones dietéticos • Patrones de restricción calórica con variación de macronutrientes • Mediterránea • Vegetariana • Portfolio • Bajo índice glicémico • DASH • Nórdica • Suplementos alimenticios • Ayuno intermitente   | Intervenciones conductuales intensivas con equipo multidisciplinario • Modificación del comportamiento • Nutrición • Suplementos alimenticios • Actividad física • Educación • Autocontrol/autocuidado • Medicamentos • Visitas de seguimiento frecuentes   |

---

[Fuente: 11_La-atencion-y-asistencia-primaria-en-el-manejo-de-la-obesidad.pdf]
Los pacientes recibieron un programa de intervención domiciliaria de 12 meses con una fase de mantenimiento de 12 meses. Los participantes  recibieron  un  plan  de  comidas  estructurado  por un consejero de comportamiento que incluía un déficit calórico prescrito,  así  como  un  plan  para  aumentar  la  actividad  física. Se  les  pidió  que  hicieran  un  seguimiento  de  sus  progresos  en los  formularios  de  autocontrol  proporcionados.  La  rama  de intervención estándar realizó tres reuniones presenciales, y la rama de  intervención  mejorada  también  incluyó  llamadas  telefónicas periódicas, envíos por correo y retroalimentación. 8

---

[Fuente: 08_Terapia-de-nutricion-medica-de-la-obesidad.pdf]
Los  sustitutos  parciales  de  las  comidas  se  utilizan  para  sustituir una o dos comidas al día como parte de una intervención con restricción  calórica.  Estas  intervenciones  con  restricción  calórica han demostrado reducir el peso corporal, la circunferencia de la cintura, la presión arterial y el control glicémico en comparación con las dietas convencionales de pérdida de peso con restricción calórica.  Esto  se  evidenció  en  una  revisión  sistemática  y  un metaanálisis de nueve ensayos de control aleatorio en personas con un IMC ≥ 25 kg/m 2  y diabetes tipo 2 durante una mediana de  seguimiento  de  seis  meses. 37 Otra  revisión  sistemática  y  un metaanálisis de 23 ensayos de control aleatorio informaron que los  programas  que  incluyen  sustituciones  parciales  de  comidas lograron una mayor pérdida de peso al año, en comparación con los programas de pérdida de peso sin uso de sustituciones parciales de comidas, con o sin apoyo de cambio de comportamiento"
"16","Para disfrutar del asado con tu familia sin salir completamente del plan de alimentación, puedes intentar lo siguiente:

- Aparte tiempo para comer y reconéctate con la experiencia de comer, creando conciencia de tus pensamientos, emociones, sensaciones y comportamientos.
- Planifica lo que vas a comer, eligiendo opciones que se alineen con tus objetivos de salud.
- Haz que otros participen en la planificación y preparación de las comidas, lo que puede ayudarte a mantenerte en el camino.
- Recuerda que la cultura y las tradiciones culinarias pueden ser parte de una alimentación sana, así que busca un equilibrio que te permita disfrutar sin excesos.

No se menciona específicamente cómo manejar un asado, pero estos consejos pueden ayudarte a mantener una relación sana con la comida.","[Fuente: 08_Terapia-de-nutricion-medica-de-la-obesidad.pdf]
## Supervisar y evaluar los resultados relacionados con la salud,* incluyendo:

Conductas de salud, estado nutricional, calidad de vida, salud mental, cardiovascular, metabólica, estado funcional, estado físico

<!-- image -->

Reevaluar la intervención, el plan, la preparación, los obstáculos y los apoyos

## Intente comer de manera consciente y tener una relación sana con la comida

- Aparte tiempo para comer
- Note cuándo tiene hambre y cuándo está satisfecho
- Planifique lo que va a comer
- Haga que otros participen en la planificación y preparación de las comidas
- Recuerde que la cultura y las tradiciones culinarias pueden ser parte de una alimentación sana
- Reconecte con la experiencia de comer creando conciencia de sus pensamientos emociones, sensaciones y comportamientos

NO

Supervisar y evaluar la preparación en visitas de seguimiento.

NO

---

[Fuente: 08_Terapia-de-nutricion-medica-de-la-obesidad.pdf]
su  nutricionista  para  discutir  las  ventajas  y  desventajas  de los diferentes patrones de alimentación en cuanto le ayuden a  lograr  sus  objetivos  de  salud.  La  forma  de  comer  es  tan importante como cuánto y qué se come. Intente comer de manera consciente y tener una relación sana con la comida.

Hacer 'dieta' o restringir drásticamente la ingesta de alimentos puede provocar cambios en su cuerpo que, con el tiempo, podrían hacerle recuperar el peso.

Acuda a un nutricionista certificado que le ofrezca un plan personalizado  y  le  brinde  asesoramiento  continuo  sobre  su estado de salud y sus requerimientos nutricionales.

---

[Fuente: 08_Terapia-de-nutricion-medica-de-la-obesidad.pdf]
## ENFOQUES NO DIETÉTICOS

Los  enfoques  no  dietéticos  incluyen  un  paraguas  de  conceptos descritos  en  la  literatura  que  ofrecen  al  personal  de  salud alternativas a las intervenciones centradas en la pérdida de peso. 151 Estos enfoques suelen rechazar las prácticas de pérdida de peso o de dieta y suelen utilizar conceptos de atención plena en respuesta al hambre, la saciedad, los antojos y el apetito internos en lugar de la restricción calórica o la restricción cognitiva. Los componentes de un enfoque no dietético pueden  incluir los siguientes conceptos: peso neutro, peso inclusivo, alimentación consciente, intervenciones  basadas  en  la  atención  plena,  aceptación  del tamaño o del cuerpo y/o Health at Every Size ®  (HAES ® ).

---

[Fuente: 11_La-atencion-y-asistencia-primaria-en-el-manejo-de-la-obesidad.pdf]
Los objetivos individualizados y alcanzables para la salud, la  nutrición  y  la  reducción  de  la  ingesta  calórica  efectiva  se personalizaron  según  el  historial  y  las  rutinas  dietéticas,  con  la fijación de objetivos y seguimiento. Para la intervención de ejercicio, se evaluó el estado inicial y se elaboraron objetivos alcanzables individualizados en conjunto con los participantes. La adherencia fue muy buena durante el periodo intensivo de seis meses, con un 82% de deserción debido a razones médicas, problemas logísticos, razones personales y necesidades no satisfechas en las sesiones de asesoramiento. Tanto el grupo nutricional como el nutricional más ejercicio perdieron más peso que el control a los seis meses: -2,7 (-4,2 a -1,1) kg y -3,5 (-5,1 a -1,8) kg, respectivamente. A los 12 meses, el grupo de asesoramiento nutricional había conseguido -1,3 (-4,0 a -1,4) kg y el grupo de nutrición más ejercicio había conseguido -2,4 (-5,2 a 0,5) kg. 51

---

[Fuente: 08_Terapia-de-nutricion-medica-de-la-obesidad.pdf]
- i.  La  restricción  intermitente o continua de calorías logró una reducción similar del peso a corto plazo (Nivel 2a, Grado B). 38
- j.  Legumbres  (porotos,  garbanzos,  lentejas,  arvejas  secas) para  mejorar  el  peso  (Nivel  2,  Grado  B), 39 mejorar  el control glicémico (Nivel 2, Grado B), 40 cumplir los objetivos"
"17","Es comprensible que te sientas así, especialmente si no estás viendo resultados. Es importante considerar que la percepción de fracaso puede influir en tu decisión de continuar con el tratamiento. Si no se ha conseguido una pérdida de peso clínicamente significativa, se deben evaluar factores como la dosificación, el cumplimiento y las barreras para el cambio conductual. Además, es posible que la experiencia de alcanzar una meseta en el peso se interprete negativamente, lo que podría llevarte a abandonar el tratamiento. Replantear estas experiencias desde un contexto positivo podría ayudarte a continuar. Si después de tres meses no has visto resultados, podrías considerar probar otra medicación.","[Fuente: 01_Practicas-y-politicas-para-reducir-los-sesgos-sobre-el-peso-en-el-manejo-de-la-obesidad-1.pdf]
.  En  ciertos  casos, puede ocurrir  que  los  mismos  pacientes  eviten  buscar  ayuda  o abandonen los tratamientos en el sistema de salud. 41-45

---

[Fuente: 13_Farmacoterapia-en-el-tratamiento-de-la-obesidad.pdf]
Si no se consigue una pérdida de peso clínicamente significativa con  la farmacoterapia, deben  evaluarse  otros factores  que contribuyan  a  la  percepción  del  fracaso  de  la  misma,  como  la dosificación  o  el  cumplimiento  inadecuado,  las  barreras  para el  cambio  conductual  y  los  problemas  psicosociales  o  médicos. También hay que reconocer que existe una considerable heterogeneidad en la respuesta a la farmacoterapia con cualquier agente farmacoterapéutico. Debe considerarse la posibilidad de probar otra medicación para la obesidad si no se ha conseguido un éxito clínicamente significativo en su control después de tres meses  con  la  dosis  completa/máxima  tolerada  y  no  hay  otras etiologías  evidentes  de  su  causa.  En  la  actualidad,  no  tenemos capacidad  para  predecir  qué  medicación  beneficiará  más  a  un paciente

---

[Fuente: 11_La-atencion-y-asistencia-primaria-en-el-manejo-de-la-obesidad.pdf]
. Se cree que este enfoque del tratamiento reduce la sensación de privación y aumenta la autoeficacia y el empoderamiento, todo lo cual puede repercutir positivamente en la adherencia y el éxito a largo plazo.

---

[Fuente: 10_Intervenciones-psicologicas-y-conductuales-eficaces-en-el-tratamiento-de-la-obesidad.pdf]
Consideremos,  por  ejemplo,  la  experiencia  de  la  meseta  en  el peso. Cuando una persona se esfuerza mucho por perder peso y luego alcanza una meseta, ¿continuará con los comportamientos asociados a los resultados positivos o dejará de hacerlo? Si perciben la  meseta  como  un  fracaso,  es  probable  que  dejen  de  hacerlo (porque el refuerzo cesó, es decir, un castigo). Si comprendieran el  concepto  de  'mejor  peso'  y  vieran  la  meseta  como  un éxito  (refuerzo),  probablemente  continuarían.  Muchas  de  las intervenciones cognitivas en el tratamiento de la obesidad están diseñadas  para  ayudar  al  paciente  a  replantear  las  experiencias desde  un  contexto  interpretativo  negativo  (castigo)  a  uno  más positivo (refuerzo). Aquí se puede ver que el comportamiento y la psicología están fuertemente entrelazados.

---

[Fuente: 10_Intervenciones-psicologicas-y-conductuales-eficaces-en-el-tratamiento-de-la-obesidad.pdf]
. A medida que  avanzaba  el  ensayo,  las  expectativas  no  cumplidas  no  se asociaron con el abandono, ni con los resultados de peso, pero sí con la satisfacción."
"18","El estrés puede ser una causa subyacente del aumento de la ingesta alimentaria. Es importante considerar no solo el síntoma del aumento de peso, sino también las posibles causas como el estrés. Podrías intentar acudir a un nutricionista certificado que te ofrezca un plan personalizado y te brinde asesoramiento continuo sobre tu estado de salud y requerimientos nutricionales. Además, las intervenciones basadas en la atención plena que se centran en la autoconciencia, específicamente en el hambre y la saciedad, han demostrado ser eficaces para el consumo compulsivo.","[Fuente: 10_Intervenciones-psicologicas-y-conductuales-eficaces-en-el-tratamiento-de-la-obesidad.pdf]
| El personal de salud debe conocer la importancia de los fundamentos neurobiológicos que subyacen al impulso de comer (antojos de comida), así como el rol de la comida como refuerzo (aprendizaje asociativo). Esta información debe utilizarse                             | Las intervenciones conductuales que refuerzan la autorregulación alimentaria mejoran los resultados, sobre todo en aquellos que reportan fuertes ansias de comer. 32-34                                            | NIVEL 2, GRADO B     |

---

[Fuente: 08_Terapia-de-nutricion-medica-de-la-obesidad.pdf]
su  nutricionista  para  discutir  las  ventajas  y  desventajas  de los diferentes patrones de alimentación en cuanto le ayuden a  lograr  sus  objetivos  de  salud.  La  forma  de  comer  es  tan importante como cuánto y qué se come. Intente comer de manera consciente y tener una relación sana con la comida.

Hacer 'dieta' o restringir drásticamente la ingesta de alimentos puede provocar cambios en su cuerpo que, con el tiempo, podrían hacerle recuperar el peso.

Acuda a un nutricionista certificado que le ofrezca un plan personalizado  y  le  brinde  asesoramiento  continuo  sobre  su estado de salud y sus requerimientos nutricionales.

---

[Fuente: 08_Terapia-de-nutricion-medica-de-la-obesidad.pdf]
Las intervenciones basadas en la atención plena que se centran en la autoconciencia, concretamente en el hambre, la saciedad y la satisfacción, han resultado eficaces para el  consumo compulsivo, 155-157 los  trastornos  alimentarios, 155 y  han  afectado positivamente  a  las  conductas  alimentarias 151 y  a  la  pérdida de  peso. 158,159 Sin  embargo,  es  necesario  tener  precaución  al interpretar  los  resultados  de  los  enfoques  no  dietéticos.  Hay varias  intervenciones  no  dietéticas  en  la  literatura  sin  grupo  de control,  y  existe  un  alto  riesgo  de  sesgo  en  los  ensayos  y  de herramientas  inconsistentes  que  han  utilizado  para  medir  los resultados

---

[Fuente: 04_Prevencion-y-reduccion-de-danos-de-la-obesidad-en-personas-adultas.pdf]
Por otra parte, aunque es indudable que una mala alimentación y  la  falta  de  actividad  física  son  importantes  factores  de  riesgo para  el  desarrollo  de  obesidad,  pueden  existir  otros  factores que también jueguen un rol muy importante. Es por esto que el personal médico deba considerar las posibles causas subyacentes del  aumento  de  peso,  y  no  solo  enfocarse  en  el  síntoma  del aumento de peso. Por ejemplo, el estrés, el trabajo por turnos o la falta de sueño podrían ser la causa principal del aumento de la ingesta alimentaria; y por otra parte la depresión y el cansancio pueden provocar una disminución de la actividad física. Además, dependiendo de la situación, el atenuar el aumento de peso en lugar de prevenirlo o bajar de peso puede ser un objetivo más razonable y posible de alcanzar. 13

---

[Fuente: 10_Intervenciones-psicologicas-y-conductuales-eficaces-en-el-tratamiento-de-la-obesidad.pdf]
| El personal de salud debe conocer la importancia de los fundamentos neurobiológicos que subyacen al impulso de comer (antojos de comida), así como el rol de la comida como refuerzo (aprendizaje asociativo). Esta información debe utilizarse                             | Las terapias de aceptación y compromiso son complementos de valor añadido a las intervenciones conductuales multicomponentes. 35,36                                                                                | NIVEL 2, GRADO B     |"
"19","El aumento del hambre puede estar relacionado con la restricción calórica, ya que esta puede llevar a un aumento del apetito y a impulsos fisiopatológicos que promueven el aumento de peso. Además, la sensación de mareo podría estar asociada con cambios en la ingesta de alimentos, pero el contexto no proporciona información específica sobre mareos en relación con la dieta. Por lo tanto, no se puede afirmar con certeza que tu malestar sea exclusivamente por la dieta.","[Fuente: 08_Terapia-de-nutricion-medica-de-la-obesidad.pdf]
| Mejora relacionada al apetito     | Hambre, saciedad, antojos, ganas de comer, palatabilidad de los alimentos Salud Estado Relación                          | intestinal de con                                                                                                                     |
| Salud mental                      | Conductas alimentarias trastornadas, autoestima, autoeficacia, regulación emocional, estado de ánimo/ ansiedad, adicción | Hambre Ansiedad Salud general                                                                                                         |

---

[Fuente: 16_Cirugia-bariatrica-Tratamiento-postoperatorio.pdf]
El síndrome de dumping se divide en fases tempranas y tardías. El  síndrome  de  dumping  temprano  se  produce  en  la  primera hora después de una comida. Debido a la hiperosmolalidad de los  alimentos,  se  producen  rápidos  desplazamientos  de  fluidos desde  el  compartimento  plasmático  hacia  la  luz  intestinal,  lo que  provoca  hipotensión  y  una  respuesta  del  sistema  nervioso simpático. El dumping  precoz se caracteriza por síntomas gastrointestinales, como dolor abdominal, distensión abdominal, borborigmos, náuseas y diarrea; y síntomas vasomotores, como fatiga,  deseo  de  acostarse  después de las comidas (un síntoma clásico), rubor, palpitaciones, sudoración, taquicardia, hipotensión y,  raramente, síncope. Por el contrario, el dumping tardío suele producirse entre una y tres horas después de la comida y es el resultado  de  una  respuesta  hiperinsulinémica  impulsada  tras la  ingestión  de  carbohidratos

---

[Fuente: 08_Terapia-de-nutricion-medica-de-la-obesidad.pdf]
Una revisión sistemática 180  descubrió que las dietas muy bajas en calorías pueden utilizarse sin exacerbar los trastornos alimentarios existentes  o  los  episodios  de  atracones  en  programas  con  supervisión médica. Da Luz et al. 180   encontraron que los atracones disminuyeron en las intervenciones de DMBC. Un ensayo prospectivo de control aleatorio  no  encontró  conductas  alimentarias  trastornadas,  ni trastornos por atracones y disminuyó los síntomas de depresión en los grupos con restricción calórica (1200 kcal-1500 kcal/día con alimentos  convencionales,  o  1000  kcal/día  con  sustituciones  de comidas completas) en comparación con un enfoque sin restricción calórica. 181 Los  síntomas  de  baja  autoestima  y  los  pensamientos negativos sobre la imagen corporal disminuyeron en los tres grupos a  lo  largo  del  tiempo

---

[Fuente: 08_Terapia-de-nutricion-medica-de-la-obesidad.pdf]
Aunque  el  TMN  que  consigue  un  déficit  calórico  puede  dar lugar a una pérdida de peso a corto plazo (de seis a 12 meses), el cambio de peso no suele mantenerse en el tiempo. Además, la recomendación común de que un déficit calórico de 500 kcal/día o 3500 kcal/semana produciría una pérdida de peso de 0,45 kg no es válida, ya que la pérdida de peso no es lineal. 73,74 Polidori et al. cuantificaron por primera vez la cantidad de ingesta calórica compensada por los cambios de pérdida de peso en seres humanos de vida libre y estimaron que el apetito aumentaba en ~100 kcal/día por cada kilogramo de peso perdido, lo que contribuía al aumento de peso con el tiempo. 75  La restricción calórica puede, en algunas personas, conducir a impulsos fisiopatológicos que promueven el aumento de peso a través del aumento del hambre, el apetito y la disminución de la saciedad. 66 Además, las restricciones calóricas pueden tener consecuencias negativas para la salud del esqueleto

---

[Fuente: 03_La-ciencia-de-la-obesidad.pdf]
. El nivel de grelina aumenta en estado de ayuno y desciende rápidamente tras  la  ingesta  de  una  comida.  Tras  la  ingesta  de  alimentos,  la información sensorial sobre el volumen y la composición de las comidas,  y  sobre  todo  la  saciedad,  se  transmite  al  núcleo  del tracto solitario (NTS) en el tronco del encéfalo a través de las fibras aferentes vagales. El NTS, a su vez, integra y transmite las señales a  las  vías  de  control  homeostático  del  hipotálamo,  influyendo principalmente en la saciedad. 10"
"20","El contexto menciona que el ayuno intermitente incluye una variedad de enfoques sobre el horario de las comidas, pero no proporciona evidencia específica que respalde la efectividad de un ayuno de dos días seguidos para bajar de peso. Por lo tanto, no se puede afirmar que sea la mejor opción basándose únicamente en la información proporcionada.","[Fuente: 08_Terapia-de-nutricion-medica-de-la-obesidad.pdf]
| Ayuno intermitente                                                     |                                                                                                                                                                                                                                       | i 0,61 kg durante 24 semanas 38                                                                                             |                                                          |                                                                                                  |

---

[Fuente: 08_Terapia-de-nutricion-medica-de-la-obesidad.pdf]
Aunque  el  TMN  que  consigue  un  déficit  calórico  puede  dar lugar a una pérdida de peso a corto plazo (de seis a 12 meses), el cambio de peso no suele mantenerse en el tiempo. Además, la recomendación común de que un déficit calórico de 500 kcal/día o 3500 kcal/semana produciría una pérdida de peso de 0,45 kg no es válida, ya que la pérdida de peso no es lineal. 73,74 Polidori et al. cuantificaron por primera vez la cantidad de ingesta calórica compensada por los cambios de pérdida de peso en seres humanos de vida libre y estimaron que el apetito aumentaba en ~100 kcal/día por cada kilogramo de peso perdido, lo que contribuía al aumento de peso con el tiempo. 75  La restricción calórica puede, en algunas personas, conducir a impulsos fisiopatológicos que promueven el aumento de peso a través del aumento del hambre, el apetito y la disminución de la saciedad. 66 Además, las restricciones calóricas pueden tener consecuencias negativas para la salud del esqueleto

---

[Fuente: 17_Productos-y-programas-comerciales-para-el-control-de-la-obesidad.pdf]
La gente debería desconfiar de los programas de pérdida de peso que:

-  Prometen la pérdida de peso sin dieta ni ejercicio;
-  Promete perder peso comiendo todo lo que quiera;
-  Prometen una reducción puntual del peso de determinados lugares;
-  Prometer una pérdida demasiado rápida (por ejemplo, perder 13 kilos en 30 días);
-  Incluye fotos del antes y el después y testimonios personales que parezcan demasiado buenos para ser verdad.

## PRODUCTOS COMERCIALES

---

[Fuente: articulo.pdf]
La gente debería desconfiar de los programas de pérdida de peso que:

-  Prometen la pérdida de peso sin dieta ni ejercicio;
-  Promete perder peso comiendo todo lo que quiera;
-  Prometen una reducción puntual del peso de determinados lugares;
-  Prometer una pérdida demasiado rápida (por ejemplo, perder 13 kilos en 30 días);
-  Incluye fotos del antes y el después y testimonios personales que parezcan demasiado buenos para ser verdad.

## PRODUCTOS COMERCIALES

---

[Fuente: 08_Terapia-de-nutricion-medica-de-la-obesidad.pdf]
## AYUNO INTERMITENTE

El  ayuno  intermitente  incluye  una  variedad  de  enfoques  sobre el  horario  de  las  comidas  que  alternan  períodos  de  ayuno prolongado (sin ingesta, o menos del 25% de las necesidades) y  períodos  de  ingesta  sin  restricciones.  El  ayuno  intermitente también se describe como alimentación restringida en el tiempo, ayuno de días alternos o restricción energética intermitente. Sin embargo, hay múltiples variaciones reportadas en la literatura. 136 Hubo evidencia limitada en estudios de fisiología y metabolismo humano."
